[
  {
    "Id": "0",
    "Name": "Downline Commision Generator",
    "DevelopmentStatus": "Stable",
    "Description": "Downline Commision Generator",
    "ReleasedDatge": "0001-01-01T00:00:00",
    "ModifiedDate": "2010-06-15T11:11:22.58-07:00",
    "Files": [
      {
        "Id": "16a34bb1-1da4-40d1-8353-afd0959cc72b",
        "FileName": "Downline Commission Generator.exe",
        "Url": "./0/16a34bb1-1da4-40d1-8353-afd0959cc72b",
        "Type": "Application",
        "UploadDate": "2010-06-15T11:11:22.33-07:00"
      },
      {
        "Id": "8be72129-f1e8-41ab-a1a7-035dbab4efeb",
        "FileName": "Downline Commision Generator.xlf",
        "Url": "./0/8be72129-f1e8-41ab-a1a7-035dbab4efeb",
        "Type": "Source Code",
        "UploadDate": "2010-06-15T10:18:31.357-07:00"
      }
    ]
  }
]