[
  {
    "Title": "Home",
    "Id": "280612",
    "ParentWikiTitle": "Home",
    "FileExtension": "codeplexwiki",
    "UpdatedDate": "2010-06-15T11:19:14.383-07:00",
    "FileAttachments": [
      {
        "Id": "dfaaa669-8d7d-48f8-8c3b-0bc81a700695",
        "FileName": "Downline Commission Generator.jpg",
        "DownloadUri": "./280612/dfaaa669-8d7d-48f8-8c3b-0bc81a700695"
      },
      {
        "Id": "630a521d-8011-42e5-a830-add30d0ec693",
        "FileName": "Downline Commission Generator 1.jpg",
        "DownloadUri": "./280612/630a521d-8011-42e5-a830-add30d0ec693"
      },
      {
        "Id": "01752fdf-bcad-4c5b-b353-8f439d42c188",
        "FileName": "Downline Commission Generator 2.jpg",
        "DownloadUri": "./280612/01752fdf-bcad-4c5b-b353-8f439d42c188"
      },
      {
        "Id": "7cd46148-368b-414b-a232-03c0303426f3",
        "FileName": "Downline Commission Generator 3.jpg",
        "DownloadUri": "./280612/7cd46148-368b-414b-a232-03c0303426f3"
      }
    ]
  }
]
