{
  "name": "set-number",
  "title": "SetNumber",
  "description": "SetNumber jQuery Plugin for textarea",
  "version": "0.0.1",
  "homepage": "https://github.com/grauwoelfchen/set-number",
  "author": {
    "name": "Yasuhiro Asaka",
    "email": "grauwoelfchen@gmail.com",
    "url": "http://grauwoelfchen.net"
  },
  "repository": {
    "type": "git",
    "url": "git://github.com/grauwoelfchen/set-number.git"
  },
  "bugs": "https://github.com/grauwoelfchen/set-number/issues",
  "licenses": [
    {
      "type": "MIT",
      "url": "https://github.com/grauwoelfchen/set-number/blob/master/LICENSE"
    }
  ],
  "dependencies": {
    "jquery": "*"
  },
  "keywords": []
}
