[
  {
    "Id": "421335",
    "ThreadId": "206279",
    "Html": "<p>Hi,</p>\r\n<p>It is really good effort, Database backup files is missing. how to run this application without database. Can you please upload the database as soon as. please</p>\r\n<p>&nbsp;</p>\r\n<p>Thanks</p>\r\n<p>Venkat</p>",
    "PostedDate": "2010-03-21T09:22:51.013-07:00",
    "UserRole": null,
    "MarkedAsAnswerDate": null
  },
  {
    "Id": "422370",
    "ThreadId": "206279",
    "Html": "<p>Hi...</p>\r\n<p>&nbsp;</p>\r\n<p>I had try to email you database script but mail is rejected from your side...</p>\r\n<p>&nbsp;</p>\r\n<p>so i have added mysql database script in documentaiton....</p>\r\n<p>&nbsp;</p>\r\n<p>let me know if you have any query regarding this....</p>\r\n<p>&nbsp;</p>\r\n<p>&nbsp;</p>",
    "PostedDate": "2010-03-22T20:31:45.597-07:00",
    "UserRole": null,
    "MarkedAsAnswerDate": null
  }
]