{
  "WorkItem": {
    "AffectedComponent": {
      "Name": "",
      "DisplayName": ""
    },
    "ClosedComment": "",
    "ClosedDate": null,
    "CommentCount": 0,
    "Custom": null,
    "Description": "Do as summery...let me know if  u have any query..",
    "LastUpdatedDate": "2017-12-12T11:29:04.33-08:00",
    "PlannedForRelease": "MLM 31.8.09",
    "ReleaseVisibleToPublic": true,
    "Priority": {
      "Name": "High",
      "Severity": 150,
      "Id": 3
    },
    "ProjectName": "mlmwebsite",
    "ReportedDate": "2010-03-29T21:31:19.727-07:00",
    "Status": {
      "Name": "Active",
      "Id": 2
    },
    "ReasonClosed": {
      "Name": "Unassigned"
    },
    "Summary": "Feature To show Tree View",
    "Type": {
      "Name": "Feature",
      "Id": 1
    },
    "VoteCount": 0,
    "Id": 5631
  },
  "FileAttachments": [],
  "Comments": []
}