[
  {
    "Id": "0",
    "Name": "MLM 31.8.09",
    "DevelopmentStatus": "Alpha",
    "Description": "Hi.....\n\n\nThis is MLM Version 1.0.0. In this project we have choose MySql as backend.",
    "ReleasedDatge": "0001-01-01T00:00:00",
    "ModifiedDate": "2010-03-29T21:24:40.41-07:00",
    "Files": [
      {
        "Id": "3acf6f01-42dd-41a7-bdac-0ba0a4e4f997",
        "FileName": "mlmwebsite.rar",
        "Url": "./0/3acf6f01-42dd-41a7-bdac-0ba0a4e4f997",
        "Type": "Application",
        "UploadDate": "2009-08-31T00:46:49.65-07:00"
      }
    ]
  }
]