[
  {
    "Title": "Documentation",
    "Id": "251023",
    "ParentWikiTitle": "Documentation",
    "FileExtension": "codeplexwiki",
    "UpdatedDate": "2010-03-22T20:23:14.6-07:00",
    "FileAttachments": []
  },
  {
    "Title": "Home",
    "Id": "195943",
    "ParentWikiTitle": "",
    "FileExtension": "codeplexwiki",
    "UpdatedDate": "2009-10-05T21:26:39.653-07:00",
    "FileAttachments": [
      {
        "Id": "78015405-bd6d-4cd9-afd8-f1823fdbf67b",
        "FileName": "1.txt",
        "DownloadUri": "./195943/78015405-bd6d-4cd9-afd8-f1823fdbf67b"
      },
      {
        "Id": "ae5e1576-08a2-4f69-905c-7a6371abf526",
        "FileName": "2.txt",
        "DownloadUri": "./195943/ae5e1576-08a2-4f69-905c-7a6371abf526"
      }
    ]
  }
]
